tenth_percent,twelfth_percent,degree,cgpa,internships,projects,backlogs,communication_skill,extra_curricular,interest,placed,package_lpa
79.97,87.48,B.Tech,8.23,1,4,1,7,0,Machine Learning,1,7.92
73.62,69.49,B.Tech,8.26,0,0,0,6,1,Web Development,1,8.1
81.48,82.25,BCA,7.67,1,1,0,6,0,Data Science,1,8.97
90.23,86.53,B.Tech,8.2,0,1,0,9,1,Networking,1,6.48
72.66,69.18,B.Tech,6.71,2,3,0,8,0,Core/Mechanical,1,10.02
72.66,70.19,B.Tech,6.38,0,0,0,4,0,Testing,0,0.0
90.79,92.57,B.Tech,9.27,0,0,0,5,0,Machine Learning,1,6.85
82.67,78.84,B.Sc,9.38,1,3,0,5,0,Machine Learning,1,9.5
70.31,80.36,B.Tech,7.79,2,2,0,6,0,Web Development,1,8.11
80.43,73.27,B.Sc,7.48,0,2,1,5,0,Networking,0,0.0
70.37,68.88,BCA,6.73,0,0,0,7,0,Web Development,0,0.0
70.34,66.82,B.Tech,5.61,3,2,0,8,0,Testing,0,0.0
77.42,89.0,B.Tech,9.03,0,1,0,8,0,Data Science,1,7.95
55.87,57.44,B.Tech,5.6,3,2,1,6,0,Data Science,0,0.0
57.75,66.0,B.Tech,6.04,2,3,0,4,0,Data Science,0,0.0
69.38,57.5,BCA,8.9,1,1,1,5,1,Machine Learning,0,0.0
64.87,67.01,BCA,6.83,1,5,0,6,1,Networking,1,6.59
78.14,85.26,BCA,7.57,2,1,1,4,1,Web Development,0,0.0
65.92,66.58,B.Tech,6.28,1,2,0,9,0,Web Development,0,0.0
60.88,69.4,B.Sc,7.43,2,2,0,4,1,Testing,0,0.0
89.66,85.52,B.Sc,8.85,0,1,0,8,1,Data Science,1,8.76
72.74,84.01,B.Sc,6.69,1,3,0,3,1,Networking,0,0.0
75.68,94.07,B.Sc,9.22,2,1,1,8,0,Networking,1,8.91
60.75,57.85,B.Sc,5.4,0,1,1,6,1,Testing,0,0.0
69.56,66.0,B.Sc,8.28,1,1,0,9,1,Core/Mechanical,1,8.45
76.11,87.74,BCA,9.06,0,1,0,4,1,Networking,0,0.0
63.49,76.13,B.Tech,6.62,2,4,0,5,0,Networking,0,0.0
78.76,74.58,BCA,8.69,0,0,2,6,0,Web Development,0,0.0
68.99,65.63,B.Tech,6.79,1,1,1,6,0,Testing,0,0.0
72.08,69.83,B.Tech,7.78,0,1,1,6,0,Networking,0,0.0
68.98,58.22,MCA,6.75,2,1,0,6,1,Networking,0,0.0
93.52,86.17,MCA,8.31,0,1,1,6,0,Web Development,0,0.0
74.87,66.84,B.Tech,6.57,0,1,0,3,0,Networking,0,0.0
64.42,58.28,B.Tech,6.96,0,0,0,8,0,Web Development,0,0.0
83.23,82.95,B.Tech,8.04,0,3,0,10,0,Core/Mechanical,1,10.07
62.79,64.66,B.Sc,6.05,0,0,0,7,0,Machine Learning,0,0.0
77.09,89.49,M.Tech,7.56,2,3,1,4,1,Web Development,1,8.35
55.4,47.41,MCA,5.48,1,1,0,5,1,Web Development,0,0.0
61.72,69.59,BCA,8.22,5,6,1,8,0,Networking,1,12.71
76.97,75.26,B.Tech,6.76,0,1,0,7,0,Web Development,0,0.0
82.38,81.98,BCA,8.24,3,2,1,6,0,Testing,1,8.5
76.71,82.11,B.Tech,9.07,0,1,0,8,0,Data Science,1,7.5
73.84,64.86,MCA,6.87,2,1,0,3,1,Data Science,0,0.0
71.99,75.05,M.Tech,7.71,1,4,0,8,1,Core/Mechanical,1,7.42
60.21,61.54,B.Sc,5.24,1,1,1,7,1,Web Development,0,0.0
67.8,71.74,B.Tech,7.32,2,2,1,5,1,Testing,0,0.0
70.39,72.7,B.Tech,7.0,1,3,2,4,0,Networking,0,0.0
85.57,100.0,B.Tech,10.0,1,0,0,7,1,Networking,1,10.57
78.44,73.34,M.Tech,8.54,1,1,0,9,1,Machine Learning,1,8.72
57.37,53.12,B.Sc,7.6,1,1,0,6,1,Core/Mechanical,0,0.0
78.24,73.25,B.Tech,8.04,1,1,1,5,0,Testing,0,0.0
71.15,66.71,B.Sc,7.15,1,3,2,7,1,Testing,0,0.0
68.23,63.13,M.Tech,6.72,0,1,1,10,1,Networking,0,0.0
81.12,90.63,B.Tech,8.3,1,2,0,7,1,Machine Learning,1,8.54
85.31,96.67,M.Tech,9.37,2,3,0,7,0,Networking,1,9.18
84.31,79.74,M.Tech,7.97,1,1,0,9,1,Machine Learning,1,6.72
66.61,59.95,MCA,6.46,1,2,1,7,1,Data Science,0,0.0
71.91,75.68,B.Tech,8.43,0,3,0,5,1,Testing,0,0.0
78.31,73.89,B.Tech,6.8,0,1,1,3,1,Data Science,0,0.0
84.76,89.82,B.Tech,9.64,0,2,0,5,1,Networking,1,10.47
70.21,71.83,B.Tech,8.16,0,3,1,5,0,Core/Mechanical,0,0.0
73.14,61.01,B.Tech,6.61,3,2,0,8,1,Web Development,1,7.75
63.94,76.32,BCA,5.32,0,0,0,8,0,Core/Mechanical,0,0.0
63.04,77.41,B.Sc,6.54,0,3,0,7,1,Core/Mechanical,0,0.0
83.13,78.23,M.Tech,9.11,0,2,1,4,0,Web Development,1,9.25
88.56,85.46,B.Tech,8.68,0,2,1,10,0,Testing,0,0.0
74.28,76.57,BCA,6.74,1,0,0,6,1,Data Science,0,0.0
85.04,87.72,BCA,8.23,1,1,2,8,1,Data Science,1,7.25
78.62,83.89,BCA,8.8,2,0,0,7,1,Testing,1,10.29
68.55,84.63,M.Tech,8.1,2,1,0,7,1,Web Development,1,9.18
78.61,77.19,BCA,7.6,1,1,0,8,1,Machine Learning,1,8.39
90.38,83.99,MCA,8.43,2,2,1,5,0,Core/Mechanical,1,10.65
74.64,63.61,B.Tech,6.6,1,3,0,9,0,Networking,1,6.09
90.65,84.8,B.Sc,8.03,1,3,1,4,0,Data Science,1,6.92
48.8,48.53,B.Tech,6.16,4,2,0,5,0,Testing,0,0.0
83.22,97.58,B.Tech,8.78,1,2,0,9,0,Networking,1,8.83
75.87,71.73,B.Tech,8.35,0,4,0,8,1,Web Development,1,7.66
72.01,73.8,B.Tech,8.51,1,1,0,10,1,Networking,1,11.07
75.92,75.79,B.Tech,8.38,1,3,0,7,0,Networking,1,8.22
55.12,64.63,B.Tech,5.64,0,3,0,10,0,Core/Mechanical,0,0.0
72.8,93.02,B.Tech,8.61,0,4,0,3,1,Web Development,1,8.29
78.57,74.32,MCA,7.63,0,2,1,4,0,Networking,0,0.0
89.78,85.86,B.Tech,8.06,2,4,0,8,0,Data Science,1,8.11
69.82,78.17,BCA,7.66,0,3,3,3,1,Web Development,0,0.0
66.92,72.38,B.Tech,6.02,0,2,0,6,1,Data Science,0,0.0
69.98,84.75,MCA,8.69,0,3,0,9,0,Testing,1,9.27
84.15,88.82,M.Tech,8.28,0,2,0,7,1,Testing,0,0.0
78.29,75.42,BCA,7.85,1,2,1,7,0,Machine Learning,0,0.0
69.7,74.43,BCA,7.43,1,4,0,6,1,Testing,0,0.0
80.13,89.0,B.Tech,8.25,0,4,0,7,0,Networking,0,0.0
75.97,82.53,MCA,8.39,1,1,0,8,0,Web Development,1,6.84
84.69,88.75,M.Tech,8.29,0,1,1,5,1,Testing,1,8.77
67.98,76.51,M.Tech,7.92,0,0,0,7,0,Data Science,0,0.0
71.72,81.07,BCA,6.56,1,3,0,8,1,Networking,0,0.0
71.08,82.14,B.Tech,7.76,0,1,0,6,0,Testing,0,0.0
60.36,65.55,M.Tech,7.85,2,6,0,7,0,Core/Mechanical,1,7.89
77.96,76.62,B.Tech,6.93,1,1,0,7,0,Data Science,0,0.0
77.61,78.78,B.Sc,7.28,2,1,0,7,0,Data Science,1,9.5
75.05,84.7,B.Tech,8.4,0,3,1,8,1,Machine Learning,1,7.66
72.65,66.11,MCA,7.08,1,3,2,5,0,Core/Mechanical,0,0.0
60.85,63.8,B.Tech,6.51,2,0,0,6,1,Machine Learning,0,0.0
70.79,67.64,B.Tech,7.31,0,2,0,6,1,Testing,0,0.0
71.57,71.8,B.Sc,7.68,1,1,3,5,1,Core/Mechanical,0,0.0
66.98,77.21,BCA,8.1,1,3,1,3,0,Data Science,0,0.0
73.39,74.92,BCA,7.74,1,1,0,1,1,Machine Learning,0,0.0
79.04,79.41,B.Tech,7.73,2,3,0,9,0,Networking,1,8.64
93.86,82.98,B.Tech,9.38,1,5,0,4,0,Core/Mechanical,1,8.68
76.75,82.72,BCA,9.49,0,0,0,9,0,Data Science,0,0.0
77.58,82.74,MCA,7.91,1,1,0,8,0,Web Development,1,7.59
74.26,91.57,M.Tech,7.51,1,2,0,6,0,Core/Mechanical,1,8.31
55.81,53.35,B.Sc,6.34,2,1,0,8,1,Core/Mechanical,0,0.0
74.73,76.48,MCA,7.46,0,5,1,7,0,Testing,1,7.25
75.6,77.6,B.Tech,5.92,2,1,0,5,0,Networking,0,0.0
99.63,100.0,B.Sc,10.0,3,3,2,6,1,Testing,1,10.42
73.08,72.32,B.Sc,6.84,2,2,0,5,0,Core/Mechanical,0,0.0
78.02,80.25,B.Tech,7.84,3,2,0,8,0,Core/Mechanical,1,9.02
74.65,79.51,BCA,7.97,1,0,0,5,0,Networking,0,0.0
63.31,64.8,B.Sc,6.56,1,2,0,6,1,Networking,0,0.0
86.43,82.86,B.Tech,9.03,0,2,1,6,0,Machine Learning,1,9.15
82.52,84.07,B.Tech,7.98,2,4,2,7,0,Data Science,1,7.33
82.91,91.5,B.Tech,9.13,1,0,0,9,0,Data Science,1,8.84
65.91,57.7,B.Sc,5.97,1,3,1,6,1,Machine Learning,0,0.0
89.03,90.09,B.Tech,9.55,1,3,0,9,1,Data Science,1,8.93
60.98,55.38,B.Tech,6.31,2,3,0,7,1,Core/Mechanical,1,8.49
80.87,90.43,BCA,7.82,0,2,0,9,0,Machine Learning,1,7.53
96.9,84.71,BCA,9.95,0,0,1,6,0,Machine Learning,1,8.75
65.09,60.62,BCA,5.86,1,2,0,8,0,Data Science,0,0.0
69.34,72.36,B.Sc,7.73,0,2,0,6,0,Web Development,0,0.0
76.0,88.52,M.Tech,8.52,1,1,0,1,0,Data Science,0,0.0
69.97,69.44,MCA,8.44,3,0,0,5,0,Testing,1,10.26
59.49,55.05,M.Tech,5.55,0,0,1,8,0,Web Development,0,0.0
75.69,90.74,BCA,8.04,1,1,0,7,1,Machine Learning,1,8.49
64.38,52.8,B.Tech,5.84,0,0,0,4,0,Web Development,0,0.0
79.74,62.15,MCA,6.85,3,2,0,7,1,Core/Mechanical,1,9.47
65.81,69.33,B.Tech,7.4,3,1,0,7,0,Networking,1,10.29
90.5,86.48,B.Tech,7.56,2,3,0,6,0,Web Development,1,11.0
67.17,59.0,B.Tech,5.47,2,1,1,8,0,Testing,0,0.0
71.78,77.45,B.Tech,6.61,0,1,0,8,0,Networking,0,0.0
83.14,85.09,MCA,9.17,0,6,0,6,0,Core/Mechanical,1,8.69
62.69,58.18,B.Sc,7.41,4,3,1,6,0,Testing,0,0.0
77.27,67.03,B.Sc,7.13,3,1,0,8,1,Networking,1,8.37
88.07,95.05,BCA,9.02,0,1,1,7,1,Core/Mechanical,0,0.0
58.93,64.13,B.Sc,6.21,2,4,0,4,0,Networking,0,0.0
76.85,76.06,B.Tech,8.58,0,3,0,7,1,Networking,1,6.56
77.6,92.37,BCA,7.76,0,0,0,4,1,Data Science,0,0.0
82.82,74.26,BCA,8.04,0,0,0,5,1,Testing,0,0.0
62.63,50.43,B.Tech,6.43,0,3,0,5,1,Testing,0,0.0
61.8,56.26,BCA,6.3,2,3,0,7,0,Web Development,0,0.0
80.22,79.86,B.Tech,8.16,0,4,0,7,0,Testing,1,9.55
77.97,79.92,B.Tech,8.7,0,2,0,6,0,Testing,1,9.2
77.5,75.57,B.Tech,5.49,1,1,2,6,0,Networking,0,0.0
78.46,81.28,B.Tech,8.53,3,4,0,6,0,Machine Learning,1,7.18
68.2,58.19,M.Tech,5.8,1,2,0,8,1,Data Science,0,0.0
77.32,88.87,M.Tech,6.84,2,1,0,1,1,Web Development,0,0.0
77.93,77.27,B.Tech,8.17,0,2,0,6,1,Data Science,1,8.66
67.86,76.8,B.Sc,8.33,0,2,1,9,1,Web Development,1,8.76
93.66,96.4,BCA,9.39,1,2,0,7,1,Core/Mechanical,1,8.67
79.74,83.39,B.Tech,8.92,1,1,0,9,1,Networking,1,8.62
63.09,67.65,B.Tech,7.83,3,0,0,3,0,Testing,0,0.0
81.57,85.15,MCA,9.39,0,3,0,4,0,Testing,1,8.42
65.25,70.39,BCA,8.09,0,4,0,7,0,Machine Learning,1,8.02
82.87,93.5,MCA,9.41,1,6,0,9,1,Data Science,1,9.12
86.59,88.16,B.Tech,8.8,1,4,1,4,0,Data Science,1,7.11
66.79,72.46,BCA,5.68,0,2,2,6,1,Data Science,0,0.0
84.63,83.91,B.Tech,8.23,0,1,1,7,0,Testing,1,7.92
79.13,90.65,B.Tech,7.81,1,4,1,4,0,Data Science,1,9.18
83.22,77.81,B.Sc,9.79,1,2,0,7,1,Networking,1,8.54
93.97,100.0,B.Tech,9.56,1,3,0,2,0,Web Development,1,9.44
72.55,72.23,B.Tech,7.34,2,2,0,7,0,Testing,0,0.0
67.46,56.01,B.Tech,6.61,4,3,1,5,0,Networking,0,0.0
66.1,67.12,B.Tech,6.7,1,0,0,6,0,Core/Mechanical,0,0.0
66.84,61.39,BCA,7.77,0,2,0,8,1,Networking,1,8.67
74.23,80.96,B.Sc,7.26,1,2,1,7,0,Networking,0,0.0
78.41,73.19,B.Tech,7.74,4,2,0,6,1,Core/Mechanical,0,0.0
77.77,74.2,B.Tech,7.0,0,3,0,8,0,Networking,1,7.24
83.27,68.15,B.Tech,6.51,1,2,1,3,1,Web Development,0,0.0
75.13,71.51,BCA,6.84,0,2,0,7,0,Testing,0,0.0
89.54,70.15,B.Tech,7.95,1,3,0,5,1,Machine Learning,0,0.0
72.35,59.68,BCA,6.26,1,5,1,8,1,Core/Mechanical,1,6.14
100.0,100.0,B.Tech,9.45,1,3,0,8,0,Testing,1,10.52
81.26,87.55,B.Tech,7.32,0,0,0,8,1,Data Science,1,8.52
66.43,69.83,M.Tech,6.75,3,2,2,9,1,Web Development,1,7.41
64.29,56.55,BCA,5.0,2,3,0,9,0,Machine Learning,0,0.0
79.82,79.44,B.Tech,8.57,2,2,0,6,0,Web Development,1,7.75
72.77,72.74,M.Tech,7.34,3,3,0,6,1,Web Development,1,8.84
82.14,72.87,B.Sc,6.58,1,2,0,8,1,Data Science,1,7.9
79.73,91.76,M.Tech,8.33,0,0,0,7,0,Machine Learning,0,0.0
74.27,81.29,BCA,7.18,3,2,0,8,0,Web Development,1,9.19
66.53,64.76,BCA,6.82,1,1,1,2,1,Data Science,0,0.0
59.85,60.07,MCA,7.07,5,2,1,10,1,Core/Mechanical,1,10.4
70.53,72.2,B.Tech,5.64,0,2,0,7,1,Data Science,0,0.0
83.56,67.23,BCA,7.63,1,4,0,4,0,Networking,1,6.85
77.14,75.16,B.Sc,7.49,1,0,0,5,1,Testing,0,0.0
62.54,57.08,B.Tech,6.52,1,2,0,3,0,Data Science,0,0.0
76.73,68.72,B.Tech,7.44,2,0,1,5,0,Data Science,0,0.0
78.85,76.6,B.Tech,7.17,1,0,0,6,1,Data Science,0,0.0
66.16,80.54,BCA,7.08,0,1,0,9,1,Web Development,0,0.0
76.54,81.67,B.Sc,7.27,2,2,0,7,0,Machine Learning,1,7.43
75.58,71.01,B.Sc,8.19,1,0,0,7,0,Data Science,0,0.0
63.57,68.15,B.Tech,6.6,2,1,0,4,1,Data Science,0,0.0
78.58,89.77,B.Sc,9.94,0,4,3,5,0,Networking,0,0.0
80.61,88.01,MCA,8.38,2,3,1,5,1,Networking,1,11.09
85.83,86.31,B.Tech,8.04,4,4,0,5,1,Core/Mechanical,1,9.42
85.54,80.36,BCA,7.08,1,2,0,6,0,Core/Mechanical,1,8.11
61.22,66.81,BCA,5.0,1,2,1,6,1,Networking,0,0.0
65.62,68.77,BCA,5.45,2,2,0,6,1,Machine Learning,0,0.0
80.15,87.31,B.Sc,8.59,1,1,0,5,1,Core/Mechanical,1,8.22
80.14,85.22,M.Tech,8.67,0,1,0,7,1,Testing,1,8.83
80.15,88.55,B.Tech,7.17,1,1,0,6,1,Testing,1,8.23
100.0,95.72,M.Tech,10.0,3,1,1,4,0,Machine Learning,1,8.51
80.71,91.25,B.Tech,8.21,0,3,0,7,0,Networking,1,8.52
86.36,87.94,B.Tech,8.83,2,2,0,6,1,Core/Mechanical,1,8.75
84.54,100.0,B.Tech,10.0,1,2,0,4,0,Data Science,1,8.98
81.51,76.0,BCA,8.59,2,2,0,5,0,Networking,1,9.56
71.85,85.74,B.Tech,7.66,3,0,0,8,1,Core/Mechanical,1,10.62
82.59,84.17,B.Tech,7.63,1,1,0,4,1,Machine Learning,0,0.0
67.27,62.06,B.Tech,5.0,1,4,0,4,0,Testing,0,0.0
72.63,68.76,MCA,6.49,4,2,0,6,1,Machine Learning,1,7.45
70.15,67.59,M.Tech,6.72,1,4,0,8,1,Core/Mechanical,0,0.0
75.82,79.21,B.Sc,6.96,0,4,0,10,0,Machine Learning,1,6.63
98.15,100.0,BCA,9.8,0,2,0,8,1,Core/Mechanical,1,9.16
56.33,51.74,B.Sc,5.46,1,1,1,8,0,Core/Mechanical,0,0.0
81.86,81.67,B.Tech,8.0,0,3,1,7,0,Machine Learning,0,0.0
58.87,76.01,MCA,6.22,0,3,0,5,0,Web Development,0,0.0
70.28,84.1,B.Tech,7.85,0,1,1,8,0,Data Science,1,6.07
85.89,89.38,B.Tech,9.12,3,1,0,6,0,Networking,1,8.67
75.64,75.94,B.Tech,6.71,0,4,0,7,1,Testing,1,7.51
64.22,65.18,B.Sc,7.6,1,1,0,5,1,Data Science,0,0.0
67.85,72.76,B.Sc,6.95,0,4,1,7,1,Networking,0,0.0
81.8,73.62,B.Sc,7.79,0,0,0,6,1,Networking,0,0.0
67.7,65.64,B.Tech,7.23,0,3,0,7,0,Testing,0,0.0
77.16,63.81,B.Sc,7.24,0,3,0,6,0,Data Science,1,7.98
75.46,78.65,B.Tech,8.47,1,3,1,6,1,Testing,1,8.61
68.48,73.66,B.Tech,7.34,0,2,0,7,0,Core/Mechanical,0,0.0
96.44,92.57,B.Tech,8.96,0,1,0,6,0,Testing,1,5.36
81.34,93.93,BCA,9.05,1,0,1,4,1,Machine Learning,0,0.0
54.75,44.94,B.Tech,5.0,1,2,0,3,0,Web Development,0,0.0
76.86,65.15,BCA,7.19,0,2,0,7,1,Web Development,1,6.56
68.38,70.18,BCA,6.9,0,2,0,6,0,Web Development,0,0.0
83.52,91.9,BCA,8.6,1,3,0,3,0,Data Science,1,8.6
67.07,80.54,B.Sc,7.28,2,3,1,7,0,Data Science,1,9.23
73.85,70.18,B.Tech,5.7,1,1,0,6,1,Core/Mechanical,0,0.0
80.05,88.68,B.Tech,8.0,0,2,0,6,0,Web Development,1,7.97
83.66,83.35,BCA,8.42,1,1,0,7,0,Core/Mechanical,1,9.02
63.0,61.62,B.Sc,6.36,1,2,0,9,1,Web Development,1,7.45
71.65,78.72,M.Tech,6.7,1,0,1,9,1,Data Science,0,0.0
70.25,75.47,M.Tech,8.3,1,1,0,7,0,Machine Learning,0,0.0
68.47,55.86,B.Tech,5.52,1,1,0,6,0,Machine Learning,0,0.0
92.65,100.0,B.Tech,10.0,2,2,0,7,0,Machine Learning,1,10.12
79.05,90.09,BCA,8.8,2,1,0,7,1,Testing,1,8.07
62.39,57.39,B.Tech,5.47,4,1,1,6,1,Machine Learning,0,0.0
84.18,87.35,B.Tech,10.0,0,2,1,7,0,Networking,1,8.16
96.22,100.0,M.Tech,8.86,2,4,0,4,1,Web Development,1,6.84
85.32,87.41,B.Tech,9.37,2,0,0,7,0,Machine Learning,1,10.4
59.81,55.41,MCA,6.56,2,1,0,7,0,Networking,0,0.0
70.16,64.79,BCA,6.21,2,4,0,6,0,Networking,1,8.08
87.67,87.47,BCA,9.87,0,2,0,6,0,Networking,1,10.35
67.92,77.3,B.Tech,7.06,1,1,0,4,0,Core/Mechanical,0,0.0
79.44,83.79,B.Tech,8.39,1,1,0,4,0,Core/Mechanical,1,8.7
82.75,79.79,B.Sc,8.34,1,3,0,7,1,Networking,1,8.46
65.73,71.9,B.Tech,6.77,0,1,0,5,0,Testing,0,0.0
74.4,51.61,B.Tech,6.95,1,3,0,3,1,Machine Learning,0,0.0
42.59,51.78,B.Tech,5.35,1,3,0,4,0,Web Development,0,0.0
64.76,50.84,B.Tech,5.0,1,2,0,5,0,Testing,0,0.0
72.47,69.57,B.Tech,8.15,0,2,1,8,0,Data Science,0,0.0
62.52,53.56,BCA,5.0,0,4,0,7,0,Core/Mechanical,0,0.0
91.32,80.96,B.Tech,9.44,0,1,0,5,0,Machine Learning,0,0.0
60.7,69.99,B.Tech,7.44,1,1,0,5,0,Machine Learning,0,0.0
70.6,66.86,BCA,6.0,3,2,0,9,0,Data Science,0,0.0
76.31,79.08,MCA,7.44,1,1,0,8,0,Data Science,1,8.36
89.41,89.03,B.Tech,8.04,1,3,0,4,1,Machine Learning,1,8.3
60.64,64.46,B.Tech,6.08,3,3,0,9,1,Data Science,1,8.76
86.63,87.24,B.Sc,8.45,1,4,0,6,0,Machine Learning,1,7.56
75.1,64.84,MCA,7.62,0,1,1,8,0,Testing,0,0.0
65.18,73.15,BCA,7.96,1,1,0,6,0,Data Science,0,0.0
79.62,75.67,BCA,8.88,0,1,0,9,1,Testing,1,7.82
76.99,64.54,B.Tech,6.63,0,1,0,4,0,Testing,0,0.0
69.0,65.58,B.Sc,6.56,3,2,0,6,0,Data Science,1,8.65
75.7,87.71,B.Tech,6.82,0,0,0,9,0,Machine Learning,1,6.65
71.15,77.95,BCA,6.81,1,1,0,2,1,Networking,0,0.0
76.14,73.35,BCA,8.25,0,2,0,6,0,Machine Learning,0,0.0
81.62,78.83,MCA,9.31,2,4,2,6,1,Web Development,1,9.37
90.86,88.29,B.Tech,7.97,0,0,0,8,0,Data Science,1,8.51
62.62,79.23,B.Tech,6.62,0,0,0,8,1,Core/Mechanical,0,0.0
96.33,99.39,B.Sc,9.76,0,1,0,8,1,Data Science,1,8.28
55.48,58.92,BCA,5.94,2,1,0,7,0,Web Development,0,0.0
73.48,81.72,BCA,7.11,1,4,0,7,1,Testing,1,7.34
80.88,82.79,B.Tech,8.52,1,2,1,6,0,Core/Mechanical,1,8.07
77.81,75.74,B.Tech,7.3,3,2,0,7,1,Core/Mechanical,1,6.39
68.77,67.2,B.Sc,6.79,1,2,0,9,1,Machine Learning,1,6.53
72.92,72.35,B.Tech,7.7,0,5,1,5,0,Networking,0,0.0
70.07,69.77,M.Tech,7.0,0,3,0,6,1,Machine Learning,0,0.0
69.11,74.93,B.Sc,6.85,1,4,0,6,0,Core/Mechanical,0,0.0
83.5,83.92,BCA,8.28,2,3,1,8,0,Core/Mechanical,1,9.95
78.57,84.43,B.Sc,8.08,1,0,1,7,0,Networking,0,0.0
68.07,67.42,BCA,6.48,0,3,0,8,1,Data Science,0,0.0
84.0,84.63,B.Tech,8.22,1,2,0,8,0,Networking,1,8.59
78.07,62.08,M.Tech,8.29,1,3,0,8,0,Testing,1,7.37
83.13,90.46,B.Tech,9.13,0,3,0,5,1,Machine Learning,1,10.04
81.3,84.07,B.Sc,8.03,1,1,1,9,0,Data Science,1,9.12
66.71,74.69,B.Tech,7.63,0,1,0,9,0,Machine Learning,1,6.41
69.4,46.23,B.Sc,5.51,1,4,0,7,0,Networking,0,0.0
82.47,99.18,B.Tech,10.0,1,0,0,4,0,Data Science,1,10.72
81.1,79.98,B.Tech,8.35,0,2,0,4,0,Networking,0,0.0
74.79,83.66,MCA,7.84,1,3,0,7,0,Testing,1,7.04
76.17,67.85,B.Tech,7.56,1,1,1,5,1,Web Development,0,0.0
87.78,92.68,BCA,7.77,0,0,1,3,1,Core/Mechanical,0,0.0
69.08,60.65,MCA,5.59,1,3,1,4,0,Data Science,0,0.0
80.47,75.48,B.Tech,6.84,3,2,0,6,0,Core/Mechanical,1,8.2
72.98,88.29,BCA,8.18,0,1,0,7,0,Web Development,1,8.41
72.82,71.29,B.Tech,8.59,0,2,0,9,1,Data Science,1,8.24
85.99,87.73,B.Tech,10.0,3,1,1,7,0,Core/Mechanical,1,10.35
83.25,90.21,B.Tech,9.18,1,0,0,6,0,Core/Mechanical,1,8.52
83.14,87.11,MCA,8.91,3,2,1,7,1,Data Science,1,8.54
88.05,89.25,B.Tech,7.42,2,0,0,7,0,Core/Mechanical,1,9.04
75.21,78.13,B.Sc,7.23,4,3,0,8,0,Core/Mechanical,1,9.91
81.82,100.0,B.Sc,8.46,0,2,1,6,1,Data Science,1,7.46
71.9,71.44,M.Tech,6.67,1,4,0,8,1,Core/Mechanical,1,6.4
78.24,79.85,B.Tech,7.77,2,1,0,8,0,Core/Mechanical,1,10.22
73.7,82.11,BCA,7.41,1,0,1,7,1,Machine Learning,0,0.0
75.97,84.81,BCA,6.46,1,0,0,6,0,Testing,0,0.0
80.95,90.45,BCA,9.17,1,4,0,8,1,Machine Learning,1,9.44
66.82,71.93,MCA,6.08,1,0,3,5,0,Web Development,0,0.0
95.92,86.78,M.Tech,9.33,1,5,0,4,1,Machine Learning,1,10.6
64.94,78.01,B.Tech,8.81,2,0,0,4,1,Machine Learning,0,0.0
62.86,53.69,B.Sc,5.09,0,3,1,5,1,Web Development,0,0.0
86.58,89.0,B.Tech,6.75,0,2,0,8,1,Core/Mechanical,1,8.51
82.92,76.89,B.Tech,7.76,1,1,1,6,0,Core/Mechanical,0,0.0
81.24,80.73,B.Sc,8.98,2,1,0,7,0,Machine Learning,1,8.21
81.28,83.91,B.Tech,9.83,0,1,0,6,0,Web Development,0,0.0
74.88,77.45,B.Tech,6.63,1,2,0,6,1,Core/Mechanical,0,0.0
66.03,69.41,MCA,7.17,2,3,1,5,1,Networking,0,0.0
75.76,88.67,B.Tech,7.85,3,2,0,6,0,Data Science,0,0.0
68.23,71.86,MCA,6.92,0,3,0,6,1,Data Science,0,0.0
84.75,82.8,B.Sc,10.0,0,3,0,7,1,Testing,1,9.43
73.53,81.24,BCA,6.54,1,1,0,7,1,Data Science,0,0.0
66.75,76.27,M.Tech,7.35,2,2,0,6,1,Machine Learning,1,8.18
71.79,61.97,B.Tech,7.06,1,2,0,4,0,Data Science,0,0.0
79.13,83.91,B.Tech,9.02,1,2,0,8,0,Data Science,1,8.73
69.36,74.97,B.Tech,7.29,0,4,0,6,0,Networking,0,0.0
66.78,64.4,B.Tech,6.81,0,1,0,7,0,Core/Mechanical,0,0.0
77.44,88.45,MCA,7.98,1,0,1,9,1,Networking,1,7.77
77.45,76.25,M.Tech,7.9,1,1,1,8,1,Machine Learning,1,7.78
69.93,70.93,B.Tech,6.77,2,2,0,7,1,Data Science,1,8.22
70.29,68.91,B.Tech,7.46,1,0,0,6,1,Core/Mechanical,0,0.0
77.32,77.44,B.Tech,7.44,1,1,0,6,0,Testing,1,7.51
60.52,51.75,B.Tech,5.92,0,0,0,7,0,Testing,0,0.0
60.93,49.41,BCA,5.49,0,2,0,7,0,Data Science,0,0.0
67.82,80.58,B.Tech,8.32,2,2,1,10,0,Data Science,1,8.03
72.87,66.09,B.Sc,6.91,4,3,0,10,0,Testing,1,10.01
78.11,70.18,B.Tech,6.0,2,0,1,7,0,Testing,0,0.0
89.75,72.52,B.Tech,9.12,0,5,1,3,0,Machine Learning,1,8.37
83.58,78.47,BCA,7.38,0,5,1,5,0,Data Science,1,6.72
73.4,62.82,B.Sc,6.29,2,1,0,10,1,Testing,1,6.95
74.81,87.95,MCA,7.66,1,4,0,8,0,Web Development,1,8.32
64.97,73.05,M.Tech,8.0,0,2,0,7,0,Testing,1,6.95
74.81,69.3,B.Tech,5.5,1,3,0,6,0,Core/Mechanical,0,0.0
72.11,90.13,B.Tech,10.0,0,2,0,4,1,Core/Mechanical,1,10.38
78.23,86.08,M.Tech,9.06,2,3,0,10,0,Web Development,1,9.39
66.73,64.13,MCA,6.72,2,2,0,5,0,Machine Learning,1,9.17
80.19,60.19,M.Tech,6.98,0,2,1,8,1,Data Science,0,0.0
90.33,100.0,B.Tech,9.74,1,2,0,4,1,Data Science,1,8.63
73.91,62.79,MCA,7.25,3,2,0,6,1,Testing,1,9.95
79.02,65.86,B.Tech,7.76,2,0,1,8,0,Core/Mechanical,0,0.0
81.9,90.08,BCA,9.04,0,4,2,6,0,Machine Learning,0,0.0
70.99,90.51,MCA,8.15,0,4,1,6,0,Machine Learning,0,0.0
77.24,88.31,B.Tech,8.12,1,1,0,7,1,Machine Learning,1,9.23
75.13,79.64,MCA,7.62,0,3,0,4,0,Testing,0,0.0
75.98,80.74,B.Tech,7.68,1,0,0,4,0,Data Science,0,0.0
67.27,74.1,MCA,7.98,1,2,1,8,0,Machine Learning,0,0.0
75.25,81.32,B.Tech,8.3,2,0,0,6,0,Testing,1,9.79
79.98,82.23,MCA,5.76,1,3,0,8,0,Testing,1,5.82
89.51,90.34,B.Tech,9.52,1,2,1,9,1,Web Development,1,8.98
84.59,84.09,BCA,8.59,0,1,1,9,1,Networking,0,0.0
96.53,90.5,B.Sc,9.34,0,0,0,4,0,Machine Learning,1,9.33
67.33,65.08,B.Sc,6.31,1,0,0,5,0,Networking,0,0.0
83.72,70.18,B.Tech,8.59,1,4,0,7,1,Data Science,0,0.0
76.83,76.04,BCA,8.4,1,2,0,7,0,Testing,1,7.89
96.9,88.99,B.Tech,8.68,1,2,1,10,0,Machine Learning,1,8.65
66.92,58.09,B.Sc,6.58,1,3,1,5,0,Core/Mechanical,0,0.0
66.6,68.04,B.Tech,5.95,1,5,0,9,1,Data Science,0,0.0
69.01,80.15,MCA,6.35,3,3,0,7,1,Web Development,1,7.34
53.76,61.11,B.Tech,5.24,1,0,1,4,1,Web Development,0,0.0
69.74,57.18,B.Tech,7.04,0,0,1,6,0,Networking,0,0.0
67.41,59.49,B.Tech,7.11,3,2,1,7,0,Testing,0,0.0
76.5,84.03,B.Tech,8.44,0,2,0,3,1,Networking,0,0.0
78.42,70.56,B.Tech,8.03,1,2,1,3,0,Core/Mechanical,0,0.0
93.76,91.96,B.Sc,9.7,3,3,0,3,1,Core/Mechanical,1,10.59
84.5,88.9,M.Tech,8.16,1,0,0,7,1,Web Development,1,7.88
69.23,61.48,BCA,6.88,2,0,0,6,0,Machine Learning,0,0.0
66.02,66.86,B.Sc,7.28,1,3,1,5,1,Web Development,0,0.0
79.92,69.25,B.Tech,8.06,0,2,0,5,0,Web Development,0,0.0
61.8,56.99,BCA,6.89,0,3,0,4,1,Core/Mechanical,0,0.0
93.31,95.87,B.Tech,10.0,1,1,0,6,0,Networking,1,9.86
86.79,74.05,BCA,8.32,2,3,0,3,0,Core/Mechanical,1,7.71
70.31,73.83,B.Tech,8.06,1,3,0,9,1,Testing,1,9.91
57.87,57.71,B.Tech,5.76,0,1,0,10,1,Core/Mechanical,0,0.0
88.54,92.96,B.Tech,8.37,1,3,0,2,0,Core/Mechanical,1,8.39
73.85,75.64,M.Tech,7.34,1,4,1,6,1,Web Development,0,0.0
87.38,98.29,B.Tech,8.69,2,2,0,6,0,Machine Learning,1,7.15
59.06,60.06,B.Sc,5.42,3,1,0,6,0,Web Development,0,0.0
69.01,65.57,B.Tech,6.61,4,4,0,8,0,Data Science,1,9.41
75.05,76.03,BCA,6.92,1,1,2,6,0,Core/Mechanical,0,0.0
75.47,79.82,MCA,7.52,2,1,1,6,0,Core/Mechanical,1,6.47
70.5,70.89,B.Tech,5.55,2,3,0,10,0,Data Science,1,8.51
81.23,81.55,B.Sc,8.31,3,1,1,6,0,Core/Mechanical,1,9.08
64.32,58.7,MCA,6.15,2,4,0,10,0,Core/Mechanical,1,9.89
73.58,68.28,B.Sc,6.44,2,3,1,7,0,Testing,0,0.0
76.2,64.98,B.Sc,7.59,0,0,2,6,1,Core/Mechanical,0,0.0
80.14,94.14,B.Sc,9.46,1,2,0,5,0,Data Science,1,9.72
82.12,72.17,BCA,6.43,0,3,0,6,1,Web Development,0,0.0
63.75,58.21,B.Tech,5.49,0,2,1,4,1,Core/Mechanical,0,0.0
59.66,53.91,M.Tech,5.06,0,1,0,5,1,Machine Learning,0,0.0
87.78,94.94,B.Tech,8.38,3,4,0,6,1,Data Science,1,9.76
78.32,75.96,B.Tech,8.38,1,1,0,7,1,Networking,1,9.9
67.52,77.5,BCA,7.1,2,1,0,10,0,Testing,1,9.02
90.51,85.12,B.Tech,8.57,1,0,0,6,0,Data Science,0,0.0
76.16,78.39,B.Tech,6.12,1,3,0,7,1,Web Development,0,0.0
86.79,80.11,BCA,8.85,2,0,0,4,1,Data Science,1,8.62
75.68,92.84,M.Tech,7.43,0,2,0,8,1,Networking,1,6.18
95.61,86.11,M.Tech,9.13,1,1,0,3,0,Testing,1,9.13
92.55,95.03,MCA,9.6,1,1,0,8,1,Machine Learning,1,10.07
72.51,77.58,M.Tech,8.59,0,2,1,6,0,Networking,0,0.0
84.72,88.03,B.Tech,7.59,1,4,0,6,0,Data Science,1,9.77
81.45,79.97,B.Tech,5.66,0,4,0,6,0,Networking,0,0.0
88.69,87.65,M.Tech,8.96,0,3,0,4,1,Data Science,0,0.0
65.35,65.7,B.Tech,7.99,1,4,0,4,1,Machine Learning,1,9.0
81.86,80.68,BCA,9.12,1,1,0,8,0,Machine Learning,1,8.07
85.58,93.29,BCA,9.11,1,2,0,7,1,Web Development,1,8.61
57.41,75.09,B.Tech,6.23,0,1,1,6,0,Machine Learning,0,0.0
63.17,58.71,MCA,6.74,2,1,1,7,0,Core/Mechanical,0,0.0
54.61,43.65,B.Sc,5.0,0,4,0,7,0,Networking,0,0.0
72.31,71.6,B.Sc,7.58,0,2,0,5,0,Networking,0,0.0
82.18,100.0,MCA,9.51,2,0,0,10,0,Data Science,1,10.46
90.02,83.59,B.Sc,9.53,0,3,0,8,0,Machine Learning,1,7.55
75.74,88.85,B.Tech,10.0,3,1,0,7,1,Web Development,1,10.19
91.29,100.0,B.Sc,9.88,0,2,1,6,1,Web Development,1,9.57
61.2,56.77,M.Tech,5.49,1,2,0,8,0,Web Development,0,0.0
57.97,62.52,BCA,6.0,0,0,0,5,0,Testing,0,0.0
74.44,87.47,BCA,6.68,1,2,0,5,0,Core/Mechanical,0,0.0
78.84,75.81,BCA,7.18,1,5,1,10,0,Machine Learning,1,7.24
74.67,73.04,B.Tech,7.06,0,2,0,7,0,Web Development,0,0.0
54.33,49.68,M.Tech,5.0,1,3,1,5,0,Core/Mechanical,0,0.0
74.11,65.99,M.Tech,7.13,2,0,1,7,1,Networking,0,0.0
61.96,56.77,B.Tech,5.28,1,2,0,8,1,Data Science,0,0.0
81.7,71.91,B.Tech,8.58,2,1,0,8,0,Machine Learning,1,8.28
78.67,78.94,MCA,7.88,0,3,2,8,0,Machine Learning,0,0.0
65.6,59.44,M.Tech,6.24,2,2,0,4,0,Testing,0,0.0
69.86,71.73,M.Tech,6.82,0,1,1,8,1,Networking,0,0.0
64.41,51.96,M.Tech,5.94,0,2,0,6,0,Machine Learning,0,0.0
74.37,77.02,B.Sc,8.23,2,1,0,7,0,Testing,1,10.58
84.55,91.22,BCA,8.09,1,2,0,9,1,Testing,1,9.36
65.14,49.19,B.Sc,5.19,1,5,1,8,0,Testing,0,0.0
80.04,83.03,B.Tech,7.91,0,3,0,7,0,Machine Learning,1,9.74
69.7,79.52,BCA,6.38,1,4,0,3,0,Machine Learning,0,0.0
67.07,57.39,B.Sc,5.57,1,2,1,6,0,Machine Learning,0,0.0
73.93,87.31,BCA,7.68,1,2,1,5,0,Core/Mechanical,0,0.0
64.65,68.0,B.Sc,7.33,1,0,0,8,0,Testing,1,9.02
69.46,63.82,B.Sc,6.87,3,2,1,8,0,Core/Mechanical,1,8.8
63.02,62.57,B.Tech,6.43,0,1,0,6,0,Data Science,0,0.0
94.65,99.12,B.Tech,10.0,0,1,1,5,1,Machine Learning,1,8.85
75.35,75.96,B.Tech,7.46,1,2,0,9,0,Networking,1,7.57
68.0,72.31,B.Tech,7.33,1,3,2,5,0,Web Development,1,7.07
77.14,69.77,MCA,7.26,0,1,0,4,1,Data Science,0,0.0
73.88,75.23,B.Tech,7.67,1,2,0,5,1,Web Development,0,0.0
72.79,61.48,B.Tech,6.25,0,1,0,6,1,Web Development,0,0.0
81.14,80.25,B.Sc,6.12,1,2,0,5,0,Machine Learning,0,0.0
82.58,75.35,BCA,7.79,2,1,1,8,0,Networking,1,7.76
69.69,63.81,B.Tech,7.81,0,1,1,3,1,Web Development,0,0.0
69.24,79.13,BCA,8.16,1,3,0,5,1,Testing,1,9.85
72.25,80.98,BCA,8.43,3,3,0,6,0,Web Development,1,9.67
51.98,56.85,B.Tech,6.43,1,1,0,7,1,Data Science,0,0.0
59.85,51.11,B.Tech,5.62,1,0,0,10,0,Networking,0,0.0
88.67,86.14,MCA,8.9,1,3,1,9,1,Networking,1,9.49
91.45,100.0,M.Tech,9.08,0,3,1,4,1,Web Development,1,8.97
72.51,73.64,BCA,7.05,1,3,1,3,1,Networking,0,0.0
80.77,99.32,B.Tech,9.5,4,0,1,7,1,Data Science,1,12.59
78.11,81.26,B.Tech,8.93,1,0,2,5,1,Data Science,1,7.36
100.0,100.0,B.Sc,9.89,1,0,0,4,0,Data Science,1,9.54
86.2,83.73,B.Tech,8.14,1,4,0,7,0,Testing,1,10.12
73.72,74.79,B.Tech,7.43,0,1,1,7,0,Machine Learning,0,0.0
65.44,64.22,BCA,6.96,2,3,0,5,0,Web Development,0,0.0
58.94,64.6,B.Tech,5.02,3,0,0,5,1,Networking,0,0.0
77.03,84.68,BCA,6.25,1,0,0,5,0,Data Science,0,0.0
67.44,61.15,M.Tech,5.99,1,4,1,6,0,Web Development,0,0.0
60.78,50.13,B.Tech,5.0,2,1,0,7,1,Web Development,0,0.0
68.53,53.84,M.Tech,5.71,0,2,1,5,1,Machine Learning,0,0.0
64.18,68.24,B.Tech,6.5,1,4,0,5,0,Testing,0,0.0
91.87,83.04,M.Tech,8.38,1,1,0,6,0,Networking,1,7.83
83.82,66.6,B.Tech,8.68,0,0,0,6,0,Testing,0,0.0
74.92,78.03,B.Tech,7.91,3,1,0,7,1,Networking,1,9.1
89.8,100.0,BCA,9.73,2,2,1,10,0,Data Science,1,10.01
75.77,75.72,B.Sc,8.07,2,1,0,8,1,Data Science,1,8.64
66.39,73.1,MCA,6.06,0,1,0,8,0,Web Development,1,8.05
90.23,90.88,B.Tech,9.89,1,1,0,6,0,Networking,1,8.51
80.39,79.6,B.Tech,7.94,1,3,1,5,1,Networking,0,0.0
64.63,71.98,B.Sc,7.37,2,1,0,6,0,Testing,0,0.0
73.1,70.78,B.Sc,6.34,0,1,0,5,0,Data Science,0,0.0
66.24,68.38,B.Tech,5.49,0,3,1,7,0,Core/Mechanical,0,0.0
61.17,63.74,BCA,6.9,2,1,0,4,0,Web Development,0,0.0
84.26,78.92,BCA,8.46,1,2,0,8,0,Networking,1,9.44
94.09,100.0,M.Tech,8.98,2,0,1,6,0,Machine Learning,1,10.39
61.01,59.61,MCA,5.34,1,1,2,8,0,Machine Learning,0,0.0
80.63,74.58,B.Tech,8.66,0,3,0,5,0,Core/Mechanical,0,0.0
68.49,72.78,BCA,6.11,0,1,0,5,1,Data Science,0,0.0
70.13,62.94,B.Tech,7.97,0,4,0,6,1,Data Science,0,0.0
69.08,69.31,BCA,6.2,1,2,1,6,0,Data Science,0,0.0
66.36,66.29,B.Sc,7.14,1,0,0,8,1,Testing,0,0.0
75.49,84.18,MCA,7.72,0,4,0,8,0,Machine Learning,1,6.62
66.69,70.49,BCA,7.34,2,2,0,10,0,Data Science,1,7.71
77.7,77.5,MCA,7.32,2,1,0,6,0,Machine Learning,1,9.49
74.5,81.04,M.Tech,7.65,1,1,1,1,0,Core/Mechanical,0,0.0
72.61,83.73,MCA,7.85,0,2,1,6,0,Web Development,0,0.0
65.92,70.38,M.Tech,6.01,1,1,0,7,0,Testing,0,0.0
69.23,69.31,B.Sc,7.52,2,2,0,8,1,Networking,1,6.95
82.55,72.06,B.Tech,7.32,1,2,0,7,1,Core/Mechanical,1,7.7
80.01,71.49,B.Tech,7.39,2,1,0,6,0,Machine Learning,1,9.18
65.22,62.78,B.Tech,5.6,4,1,2,10,1,Core/Mechanical,0,0.0
75.99,71.11,B.Sc,5.31,0,5,0,5,1,Networking,0,0.0
82.51,81.01,B.Sc,8.02,0,1,0,6,1,Testing,1,9.0
58.31,58.76,B.Sc,7.78,0,6,1,5,0,Web Development,0,0.0
80.43,84.67,MCA,8.88,2,4,1,7,0,Networking,1,11.97
68.37,67.81,MCA,6.79,0,2,0,9,0,Testing,1,6.73
80.71,84.6,B.Tech,8.06,1,1,1,6,0,Machine Learning,1,8.12
67.37,67.89,B.Tech,6.78,2,1,0,6,1,Networking,0,0.0
56.95,41.15,B.Tech,5.34,0,3,0,3,0,Core/Mechanical,0,0.0
58.72,51.21,B.Tech,5.0,0,2,0,6,0,Data Science,0,0.0
75.48,74.33,BCA,8.38,3,1,0,9,1,Core/Mechanical,1,9.45
77.6,67.92,B.Sc,7.85,1,4,0,6,1,Machine Learning,1,8.0
65.96,70.76,B.Sc,7.41,1,2,1,6,0,Web Development,1,7.72
81.39,93.64,M.Tech,9.1,0,1,1,8,1,Networking,0,0.0
58.38,68.13,M.Tech,6.34,1,3,0,6,0,Web Development,0,0.0
74.34,72.63,B.Tech,7.89,0,2,0,9,0,Machine Learning,1,7.33
62.89,74.82,BCA,7.36,0,4,0,4,0,Networking,0,0.0
68.48,69.67,B.Tech,6.62,3,4,0,8,1,Testing,1,8.18
75.47,72.77,B.Tech,6.95,1,1,1,9,1,Testing,0,0.0
66.4,61.49,B.Tech,6.48,1,4,0,8,0,Core/Mechanical,0,0.0
71.15,68.73,B.Sc,8.23,1,0,0,3,0,Core/Mechanical,0,0.0
85.06,81.95,B.Tech,7.36,0,3,1,5,0,Machine Learning,0,0.0
69.23,70.59,B.Tech,5.82,0,3,0,6,0,Testing,0,0.0
83.36,84.64,BCA,8.53,0,2,0,8,0,Networking,1,9.49
63.7,63.72,BCA,6.41,0,3,0,4,0,Testing,0,0.0
80.3,83.8,B.Tech,8.34,0,1,0,5,1,Core/Mechanical,0,0.0
89.42,98.95,B.Tech,9.61,2,4,0,4,1,Machine Learning,1,10.54
50.28,57.88,M.Tech,5.23,4,3,0,5,0,Testing,0,0.0
67.03,55.15,B.Tech,7.3,0,0,0,4,0,Machine Learning,0,0.0
80.77,60.34,MCA,5.77,1,2,0,9,0,Testing,1,8.32
72.97,80.44,BCA,7.01,1,1,0,5,0,Web Development,0,0.0
78.71,67.77,B.Tech,7.24,0,0,2,8,1,Testing,0,0.0
68.96,67.16,B.Tech,5.49,1,3,0,7,1,Core/Mechanical,0,0.0
75.87,66.51,B.Tech,6.98,2,1,0,7,0,Networking,0,0.0
73.44,59.02,B.Tech,7.95,2,1,0,5,0,Core/Mechanical,1,6.51
86.68,91.01,B.Tech,8.9,2,1,1,8,1,Core/Mechanical,1,8.1
77.54,83.61,BCA,8.24,0,4,2,7,0,Core/Mechanical,0,0.0
78.38,73.77,B.Tech,6.6,0,3,0,7,1,Machine Learning,0,0.0
70.88,50.15,B.Sc,5.56,1,0,0,5,0,Data Science,0,0.0
70.12,65.75,B.Sc,6.49,1,1,0,6,1,Data Science,0,0.0
70.67,73.8,B.Tech,6.97,0,4,0,8,0,Web Development,1,6.97
78.94,67.11,B.Tech,8.33,1,2,0,7,1,Core/Mechanical,1,8.78
70.79,72.26,B.Tech,7.6,1,1,1,7,1,Data Science,0,0.0
77.9,77.78,B.Tech,6.89,1,2,0,5,0,Web Development,0,0.0
95.75,100.0,BCA,9.98,0,1,0,10,1,Machine Learning,1,9.32
83.71,84.67,B.Tech,8.82,0,3,1,6,1,Core/Mechanical,1,6.92
71.74,63.96,BCA,7.7,1,3,1,6,0,Networking,1,7.19
87.01,96.58,B.Tech,10.0,0,6,0,6,0,Machine Learning,1,9.49
70.92,69.65,B.Sc,6.22,2,1,0,10,0,Web Development,0,0.0
54.62,54.4,B.Sc,5.0,2,3,0,6,0,Machine Learning,0,0.0
64.92,57.45,BCA,5.11,0,1,1,6,0,Networking,0,0.0
56.29,52.74,B.Tech,5.26,3,4,1,7,1,Machine Learning,1,9.69
71.48,64.4,B.Tech,7.17,1,2,0,5,0,Web Development,0,0.0
75.18,73.8,B.Sc,8.24,1,3,0,7,1,Networking,1,10.21
91.76,100.0,B.Tech,9.53,0,1,0,10,0,Networking,1,6.76
78.27,67.29,B.Tech,7.02,2,2,1,7,0,Machine Learning,1,8.36
72.81,59.9,BCA,6.76,1,2,0,7,0,Networking,0,0.0
83.29,95.06,B.Sc,8.25,0,2,0,5,0,Machine Learning,1,7.42
52.89,51.22,BCA,6.88,0,1,0,10,0,Core/Mechanical,0,0.0
77.36,72.01,B.Sc,6.18,2,4,0,10,0,Networking,1,7.49
82.71,91.03,BCA,8.83,1,1,0,8,0,Machine Learning,1,6.77
60.21,55.37,BCA,7.4,2,1,0,8,1,Core/Mechanical,0,0.0
86.44,100.0,B.Sc,9.33,1,2,0,6,1,Networking,1,9.82
78.38,83.8,BCA,7.96,0,2,0,7,0,Core/Mechanical,1,6.14
70.85,66.95,M.Tech,6.6,2,5,0,5,1,Testing,0,0.0
81.33,98.59,B.Tech,8.85,0,0,0,4,1,Networking,0,0.0
97.71,92.86,B.Tech,10.0,1,0,0,4,0,Testing,1,9.33
76.82,82.76,BCA,6.21,0,2,0,7,1,Web Development,0,0.0
77.48,79.87,B.Sc,9.09,2,1,1,4,1,Web Development,1,9.97
70.41,80.82,B.Tech,6.42,1,4,0,6,0,Machine Learning,0,0.0
66.5,78.99,M.Tech,7.06,0,4,0,6,0,Data Science,0,0.0
83.3,83.56,B.Tech,8.0,2,2,0,8,0,Testing,1,7.66
66.44,60.41,BCA,6.81,1,1,1,5,0,Testing,0,0.0
75.72,79.4,BCA,6.48,1,1,2,9,1,Web Development,0,0.0
70.22,64.8,MCA,7.12,4,4,0,8,0,Testing,1,9.44
79.79,95.9,B.Tech,10.0,1,1,0,5,1,Data Science,1,10.11
78.34,79.43,B.Sc,6.8,1,6,0,9,1,Core/Mechanical,1,6.88
85.38,82.46,B.Tech,8.54,1,0,0,6,1,Core/Mechanical,0,0.0
69.9,71.38,B.Tech,6.53,1,1,0,6,1,Data Science,0,0.0
72.3,61.52,B.Tech,7.03,1,3,0,6,0,Testing,0,0.0
65.21,57.44,B.Sc,6.15,0,1,0,6,0,Testing,0,0.0
70.56,80.16,B.Sc,7.02,1,3,0,6,1,Testing,0,0.0
78.77,73.51,B.Tech,8.0,2,2,1,5,0,Machine Learning,0,0.0
82.57,74.19,BCA,9.28,2,2,1,5,0,Networking,1,7.87
65.78,70.07,BCA,6.64,2,1,0,7,1,Data Science,0,0.0
83.7,93.19,BCA,9.42,0,2,0,6,1,Data Science,1,9.28
88.56,94.31,MCA,8.11,0,0,0,7,0,Data Science,0,0.0
79.13,87.1,B.Tech,7.55,0,1,0,7,1,Data Science,1,6.27
93.77,87.72,MCA,9.45,1,0,0,7,1,Data Science,1,8.76
67.26,55.89,M.Tech,7.34,0,5,1,8,0,Testing,0,0.0
62.55,74.56,B.Tech,7.14,4,4,0,9,0,Machine Learning,1,8.84
57.21,54.63,B.Tech,5.34,1,3,1,9,1,Web Development,0,0.0
89.96,87.95,B.Tech,8.89,2,1,0,9,0,Testing,1,11.59
81.54,92.17,B.Tech,7.69,1,2,0,8,0,Testing,1,7.95
74.44,78.89,B.Sc,8.15,2,1,1,10,0,Networking,1,7.73
77.8,81.45,B.Sc,8.67,1,4,0,7,1,Web Development,1,8.87
63.75,81.07,BCA,6.88,1,1,0,7,0,Data Science,0,0.0
99.46,94.31,B.Sc,9.31,3,0,1,10,0,Web Development,1,8.54
76.29,83.71,B.Tech,8.21,2,3,1,2,0,Machine Learning,0,0.0
76.09,76.55,M.Tech,7.28,1,1,1,6,1,Core/Mechanical,1,8.85
82.26,84.41,B.Tech,8.28,1,3,0,9,0,Testing,1,8.24
79.81,92.04,MCA,10.0,0,0,1,8,1,Web Development,1,6.94
77.24,81.3,B.Tech,7.73,1,2,0,10,1,Networking,1,8.48
67.1,71.41,MCA,6.64,1,2,0,7,0,Machine Learning,1,8.09
79.71,88.29,B.Tech,7.88,2,1,0,6,1,Core/Mechanical,1,8.14
93.82,90.9,B.Tech,9.83,0,3,0,6,1,Machine Learning,1,8.32
88.45,81.74,B.Tech,8.36,1,3,1,7,1,Data Science,1,10.77
90.93,82.57,BCA,8.16,3,1,0,9,0,Core/Mechanical,1,8.74
69.89,54.16,M.Tech,7.26,3,1,0,9,1,Networking,1,7.73
65.1,81.55,B.Tech,8.47,2,3,0,6,1,Core/Mechanical,1,9.11
73.74,64.91,MCA,6.45,2,1,1,7,1,Networking,0,0.0
75.56,73.79,B.Sc,5.97,0,0,0,5,0,Data Science,0,0.0
85.94,83.73,BCA,9.29,2,1,1,6,1,Networking,1,7.11
58.08,60.54,M.Tech,5.38,0,3,2,8,0,Machine Learning,0,0.0
90.3,96.83,B.Tech,9.99,2,4,0,9,0,Web Development,1,11.15
73.42,80.3,B.Tech,6.11,0,2,1,5,0,Machine Learning,0,0.0
70.73,66.07,MCA,7.55,1,0,0,7,1,Testing,1,6.79
64.88,63.54,MCA,5.45,1,2,0,6,0,Machine Learning,1,8.01
58.45,60.71,MCA,6.54,0,1,0,8,0,Core/Mechanical,0,0.0
83.23,81.24,MCA,8.23,0,3,0,6,1,Data Science,0,0.0
75.73,88.59,B.Tech,7.45,1,2,0,3,0,Testing,0,0.0
62.1,66.03,M.Tech,6.08,1,2,0,8,1,Testing,1,9.15
62.05,67.93,B.Tech,7.05,1,2,0,6,0,Testing,0,0.0
71.64,76.94,MCA,7.51,1,0,0,6,0,Web Development,0,0.0
91.69,100.0,B.Sc,10.0,1,3,0,7,1,Networking,1,11.49
72.4,73.85,B.Sc,8.89,0,2,0,7,1,Core/Mechanical,0,0.0
59.97,49.6,B.Sc,5.0,1,0,1,7,0,Data Science,0,0.0
72.54,75.74,B.Tech,8.71,3,2,0,4,1,Web Development,1,9.96
72.27,67.06,B.Tech,7.05,0,2,0,8,0,Machine Learning,0,0.0
48.03,43.8,M.Tech,5.0,0,2,0,3,0,Data Science,0,0.0
74.46,79.15,M.Tech,6.62,0,2,2,8,0,Testing,0,0.0
72.69,82.6,B.Tech,7.61,2,3,1,9,0,Data Science,1,8.32
81.96,82.13,BCA,8.94,2,1,0,4,0,Data Science,1,8.73
93.49,95.96,BCA,9.37,0,2,0,7,0,Machine Learning,1,8.86
86.27,99.89,B.Tech,10.0,0,2,1,8,0,Networking,1,8.9
72.31,74.24,B.Tech,6.17,0,3,0,6,0,Core/Mechanical,0,0.0
63.93,84.74,M.Tech,7.42,0,2,1,8,0,Testing,0,0.0
100.0,100.0,BCA,9.0,1,4,0,1,1,Networking,1,7.63
75.59,61.5,B.Sc,7.15,2,2,1,8,1,Web Development,0,0.0
75.14,81.17,BCA,8.53,1,1,0,7,1,Testing,1,8.56
74.76,77.81,B.Tech,7.29,1,1,0,6,0,Core/Mechanical,0,0.0
76.98,87.3,B.Sc,6.13,0,0,0,8,1,Web Development,0,0.0
73.56,78.95,B.Tech,7.78,0,2,0,10,1,Machine Learning,1,6.69
69.26,68.15,B.Tech,7.22,2,4,0,7,0,Networking,1,9.79
69.53,59.74,BCA,6.79,1,1,0,9,0,Testing,0,0.0
74.67,73.0,MCA,8.37,0,0,0,4,1,Data Science,0,0.0
69.57,62.77,B.Tech,5.76,1,2,2,8,1,Core/Mechanical,0,0.0
67.87,63.23,B.Tech,7.1,0,0,0,6,1,Testing,0,0.0
76.06,80.77,BCA,8.8,3,0,1,5,1,Data Science,1,10.75
72.45,85.81,M.Tech,6.49,1,3,0,3,1,Testing,0,0.0
90.04,93.2,BCA,9.42,0,2,2,8,1,Web Development,1,8.65
48.49,40.0,M.Tech,5.0,0,3,1,8,0,Data Science,0,0.0
85.92,89.48,B.Sc,8.7,2,1,0,9,0,Data Science,1,9.37
87.46,97.03,BCA,9.5,2,1,1,9,1,Testing,1,10.79
54.27,49.39,B.Tech,5.0,0,2,0,5,0,Machine Learning,0,0.0
71.57,70.5,B.Tech,6.56,1,4,1,9,1,Machine Learning,0,0.0
71.29,71.41,B.Tech,7.16,1,3,0,9,1,Networking,1,6.39
60.92,54.64,B.Sc,5.0,2,1,1,6,1,Web Development,0,0.0
67.22,72.41,MCA,6.11,1,4,0,7,1,Machine Learning,1,7.84
63.89,62.92,M.Tech,6.88,1,1,0,5,0,Testing,0,0.0
92.52,95.88,B.Tech,8.5,1,3,0,9,0,Machine Learning,1,6.6
84.36,77.26,B.Tech,8.61,1,1,0,4,0,Networking,0,0.0
87.72,84.22,B.Tech,8.97,4,1,0,7,1,Core/Mechanical,1,10.72
82.22,88.0,B.Tech,7.13,1,2,0,5,1,Networking,0,0.0
63.71,60.73,BCA,5.68,1,3,0,5,1,Data Science,0,0.0
69.75,83.57,MCA,8.62,1,1,0,3,0,Data Science,0,0.0
79.89,76.69,MCA,7.04,1,3,1,6,0,Machine Learning,0,0.0
62.78,64.58,BCA,6.0,1,2,1,4,1,Machine Learning,0,0.0
82.13,89.59,M.Tech,8.96,0,2,0,7,0,Networking,1,7.1
72.6,61.25,B.Sc,7.32,0,2,1,10,0,Networking,0,0.0
71.25,57.16,B.Tech,6.22,4,0,0,7,1,Testing,1,10.46
82.11,69.9,B.Sc,7.12,1,5,1,10,1,Web Development,1,6.77
79.44,89.54,B.Sc,9.59,1,2,1,5,0,Testing,1,8.27
71.39,66.98,BCA,8.31,1,2,1,4,1,Data Science,0,0.0
86.59,100.0,B.Tech,10.0,1,0,0,5,0,Testing,1,10.39
64.19,59.68,B.Tech,6.26,1,4,0,6,1,Networking,0,0.0
81.16,82.64,B.Tech,7.54,1,1,1,10,0,Testing,1,6.09
80.93,93.27,MCA,8.05,1,1,0,4,0,Core/Mechanical,1,8.67
71.9,87.95,B.Tech,8.41,1,5,0,8,1,Web Development,1,8.29
78.26,94.75,BCA,8.99,1,0,0,5,0,Networking,0,0.0
62.49,72.16,BCA,7.85,2,2,1,6,1,Machine Learning,0,0.0
84.24,92.43,B.Tech,9.35,2,1,2,4,1,Testing,1,9.96
73.15,77.89,B.Sc,6.35,0,3,0,8,1,Networking,0,0.0
69.77,76.0,M.Tech,8.13,0,2,0,6,1,Machine Learning,1,7.24
85.49,81.08,B.Sc,7.53,1,5,1,8,0,Machine Learning,1,6.34
67.96,61.41,MCA,6.16,1,3,0,7,1,Data Science,0,0.0
60.92,60.89,B.Tech,6.29,0,2,1,3,0,Data Science,0,0.0
59.43,58.07,B.Tech,7.47,1,2,0,8,0,Networking,0,0.0
81.06,77.43,M.Tech,10.0,1,1,0,3,1,Networking,1,8.0
62.2,67.77,M.Tech,6.98,2,0,0,3,0,Core/Mechanical,0,0.0
92.55,100.0,MCA,9.48,1,1,1,5,1,Web Development,1,10.6
54.18,54.89,BCA,5.88,2,3,0,5,0,Web Development,0,0.0
91.96,100.0,MCA,10.0,2,1,1,9,1,Networking,1,8.39
77.11,67.98,M.Tech,7.0,0,1,2,6,1,Data Science,0,0.0
74.03,72.48,M.Tech,8.76,3,0,0,9,0,Testing,1,9.91
69.55,63.82,B.Sc,6.85,2,2,1,5,1,Core/Mechanical,0,0.0
78.99,64.06,B.Tech,7.55,2,3,0,7,1,Web Development,0,0.0
74.62,73.96,MCA,7.96,0,4,1,7,0,Networking,0,0.0
86.03,85.06,B.Tech,8.89,0,2,1,8,0,Data Science,0,0.0
76.14,88.25,B.Sc,8.89,0,3,0,6,1,Data Science,1,8.11
76.5,81.55,B.Tech,7.41,0,3,0,6,0,Data Science,1,8.06
71.36,63.17,B.Sc,6.28,1,2,1,6,0,Testing,0,0.0
74.43,89.26,B.Sc,7.3,1,3,1,4,1,Machine Learning,0,0.0
78.08,87.85,B.Tech,8.65,0,0,0,6,0,Testing,1,7.39
57.9,62.56,M.Tech,6.65,0,2,0,6,1,Data Science,0,0.0
61.52,59.71,B.Tech,6.43,0,2,0,8,1,Networking,0,0.0
82.43,74.75,B.Sc,9.2,1,4,0,7,1,Core/Mechanical,1,8.15
76.71,73.73,B.Tech,7.52,0,2,0,9,0,Testing,0,0.0
73.16,81.87,B.Tech,8.29,1,2,0,7,0,Networking,1,8.84
75.18,90.26,B.Tech,7.4,0,2,1,5,0,Data Science,0,0.0
78.48,90.83,BCA,8.16,3,2,1,7,1,Core/Mechanical,1,10.33
69.6,65.69,B.Tech,7.32,0,1,0,8,0,Web Development,1,7.66
67.22,58.26,MCA,6.95,0,2,0,3,0,Web Development,0,0.0
76.96,78.09,B.Tech,7.52,2,3,0,5,0,Networking,1,9.85
65.22,51.07,B.Tech,5.76,4,1,0,5,0,Core/Mechanical,0,0.0
79.08,81.67,B.Tech,6.82,0,3,0,7,0,Networking,1,8.09
57.97,56.79,B.Tech,5.45,1,3,0,7,1,Core/Mechanical,0,0.0
85.29,81.56,BCA,9.05,0,1,1,7,0,Core/Mechanical,0,0.0
79.73,66.97,M.Tech,7.8,1,1,1,2,0,Networking,0,0.0
77.56,81.67,BCA,8.36,0,4,0,4,0,Core/Mechanical,0,0.0
84.83,80.57,B.Tech,8.31,0,2,0,6,1,Testing,1,8.34
91.65,82.29,B.Tech,8.7,2,1,0,6,1,Data Science,1,9.76
85.14,62.16,B.Sc,6.84,0,1,0,7,0,Core/Mechanical,0,0.0
56.59,56.37,MCA,6.21,2,0,0,6,1,Testing,0,0.0
62.2,76.38,B.Tech,7.27,1,2,0,9,0,Core/Mechanical,0,0.0
68.75,82.04,BCA,7.93,3,3,0,2,1,Testing,0,0.0
75.26,71.6,B.Tech,6.92,4,2,0,7,0,Networking,1,8.08
80.18,75.36,B.Tech,6.05,0,1,1,8,1,Web Development,0,0.0
67.74,71.49,B.Sc,7.84,2,1,2,8,1,Machine Learning,1,6.85
76.87,68.88,B.Tech,6.9,0,4,2,8,1,Core/Mechanical,0,0.0
67.45,69.86,BCA,6.18,1,1,0,8,0,Machine Learning,0,0.0
68.88,75.01,B.Tech,7.75,1,1,1,5,0,Core/Mechanical,0,0.0
60.93,70.75,BCA,6.27,1,3,1,5,1,Networking,0,0.0
65.77,64.97,B.Tech,7.38,1,1,0,3,0,Networking,0,0.0
61.48,59.85,MCA,6.56,0,1,0,6,1,Testing,0,0.0
65.24,58.22,B.Tech,6.72,2,3,0,5,1,Core/Mechanical,0,0.0
85.54,78.92,M.Tech,7.13,3,2,2,9,1,Networking,0,0.0
65.51,63.7,M.Tech,7.43,2,2,0,6,0,Networking,1,8.2
100.0,100.0,MCA,10.0,0,2,1,5,1,Core/Mechanical,1,10.18
79.93,87.24,B.Sc,8.06,1,2,0,4,1,Testing,0,0.0
76.85,70.42,BCA,7.48,0,3,0,10,1,Testing,1,7.97
66.42,78.36,B.Tech,5.82,0,3,1,6,0,Testing,0,0.0
82.0,79.83,B.Tech,8.42,2,5,0,5,0,Testing,1,9.1
69.24,69.07,B.Tech,6.09,3,1,0,7,0,Web Development,0,0.0
76.22,70.24,B.Tech,6.24,3,3,1,10,0,Core/Mechanical,1,8.28
100.0,80.61,MCA,7.81,1,1,0,6,1,Web Development,1,7.65
74.04,81.11,B.Tech,8.65,1,0,0,8,1,Networking,1,8.78
86.49,92.38,B.Sc,8.44,0,2,1,9,0,Web Development,1,6.47
67.97,65.72,BCA,7.91,2,3,0,3,1,Testing,0,0.0
74.65,75.19,B.Sc,7.06,1,1,0,5,0,Networking,1,8.6
92.71,96.84,BCA,8.11,4,4,0,8,0,Web Development,1,9.21
68.73,56.23,B.Tech,5.35,1,1,0,5,0,Web Development,0,0.0
93.12,88.89,B.Sc,10.0,3,0,0,7,0,Core/Mechanical,1,9.88
82.08,88.43,B.Tech,8.4,1,2,0,5,1,Web Development,1,8.48
69.38,59.35,MCA,6.0,0,0,0,6,0,Networking,0,0.0
81.32,83.67,BCA,8.38,2,4,0,5,1,Testing,1,10.64
84.73,73.88,MCA,8.33,1,1,0,8,0,Core/Mechanical,1,9.99
81.22,84.95,B.Tech,9.2,2,2,2,7,1,Web Development,1,10.35
59.3,59.01,B.Tech,7.07,2,1,1,7,0,Core/Mechanical,0,0.0
67.73,54.81,B.Tech,5.84,2,1,1,10,0,Machine Learning,0,0.0
72.52,81.84,B.Tech,6.66,1,1,1,10,0,Core/Mechanical,0,0.0
74.26,68.38,B.Tech,6.8,3,2,0,3,0,Testing,0,0.0
81.21,74.73,BCA,8.01,2,1,1,6,0,Machine Learning,1,9.09
76.78,78.38,B.Tech,6.99,2,2,0,10,1,Machine Learning,1,8.82
61.65,70.84,B.Sc,5.86,3,3,0,5,1,Core/Mechanical,0,0.0
78.8,70.67,M.Tech,7.75,0,4,1,10,1,Networking,1,8.8
81.11,81.6,BCA,8.1,1,2,0,6,0,Testing,0,0.0
80.6,84.03,B.Tech,8.26,1,2,1,6,0,Networking,1,9.44
85.81,91.35,B.Tech,8.25,0,3,0,8,0,Testing,1,8.4
83.34,84.75,B.Sc,8.22,0,3,1,6,1,Testing,0,0.0
79.59,76.65,B.Tech,7.07,2,2,0,7,1,Networking,1,8.32
74.3,67.68,BCA,7.81,1,3,0,9,1,Data Science,1,8.12
58.39,59.08,B.Tech,6.7,1,1,1,8,1,Machine Learning,0,0.0
79.3,70.72,M.Tech,6.02,2,4,2,7,0,Core/Mechanical,0,0.0
77.08,53.71,BCA,5.8,0,0,1,10,0,Networking,0,0.0
77.72,81.21,BCA,6.75,1,5,0,8,0,Networking,0,0.0
62.23,69.46,B.Tech,6.06,0,2,2,5,0,Core/Mechanical,0,0.0
64.19,45.29,B.Tech,5.41,2,1,0,10,0,Machine Learning,1,6.2
85.53,77.45,BCA,6.99,1,1,0,8,0,Core/Mechanical,1,7.24
74.6,79.55,B.Sc,6.97,0,1,0,6,1,Testing,0,0.0
81.82,98.28,B.Tech,8.2,2,2,0,3,1,Data Science,1,8.51
75.28,75.45,B.Tech,7.7,1,1,0,4,1,Testing,1,6.69
75.3,69.48,B.Tech,7.29,2,4,1,10,1,Data Science,1,8.19
